-- Table: public.Localities

-- DROP TABLE IF EXISTS public."Localities";

CREATE TABLE IF NOT EXISTS public."Localities"
(
    "Id" integer NOT NULL GENERATED BY DEFAULT AS IDENTITY ( INCREMENT 1 START 1 MINVALUE 1 MAXVALUE 2147483647 CACHE 1 ),
    "Name" text COLLATE pg_catalog."default",
    CONSTRAINT "PK_Localities" PRIMARY KEY ("Id")
)

TABLESPACE pg_default;

ALTER TABLE IF EXISTS public."Localities"
    OWNER to postgres;
	
-- Table: public.Diseases

-- DROP TABLE IF EXISTS public."Diseases";

CREATE TABLE IF NOT EXISTS public."Diseases"
(
    "Number" integer NOT NULL GENERATED BY DEFAULT AS IDENTITY ( INCREMENT 1 START 1 MINVALUE 1 MAXVALUE 2147483647 CACHE 1 ),
    "Name" text COLLATE pg_catalog."default",
    CONSTRAINT "PK_Diseases" PRIMARY KEY ("Number")
)

TABLESPACE pg_default;

ALTER TABLE IF EXISTS public."Diseases"
    OWNER to postgres;

-- Table: public.Animals

-- DROP TABLE IF EXISTS public."Animals";

CREATE TABLE IF NOT EXISTS public."Animals"
(
    "RegNumber" integer NOT NULL GENERATED BY DEFAULT AS IDENTITY ( INCREMENT 1 START 1 MINVALUE 1 MAXVALUE 2147483647 CACHE 1 ),
    "Name" text COLLATE pg_catalog."default",
    "OwnerFeatures" text COLLATE pg_catalog."default",
    "BirthDate" timestamp with time zone NOT NULL,
    "BehaviourFeatures" text COLLATE pg_catalog."default",
    "Sex" text COLLATE pg_catalog."default",
    "Type" text COLLATE pg_catalog."default",
    "ChipNumber" integer NOT NULL,
    CONSTRAINT "PK_Animals" PRIMARY KEY ("RegNumber")
)

TABLESPACE pg_default;

ALTER TABLE IF EXISTS public."Animals"
    OWNER to postgres;
	
-- Table: public.Users

-- DROP TABLE IF EXISTS public."Users";

CREATE TABLE IF NOT EXISTS public."Users"
(
    "Id" integer NOT NULL GENERATED BY DEFAULT AS IDENTITY ( INCREMENT 1 START 1 MINVALUE 1 MAXVALUE 2147483647 CACHE 1 ),
    "Name" text COLLATE pg_catalog."default",
    "Login" text COLLATE pg_catalog."default",
    "Password" text COLLATE pg_catalog."default",
    CONSTRAINT "PK_Users" PRIMARY KEY ("Id")
)

TABLESPACE pg_default;

ALTER TABLE IF EXISTS public."Users"
    OWNER to postgres;

-- Table: public.Vaccines

-- DROP TABLE IF EXISTS public."Vaccines";

CREATE TABLE IF NOT EXISTS public."Vaccines"
(
    "Serial" integer NOT NULL GENERATED BY DEFAULT AS IDENTITY ( INCREMENT 1 START 1 MINVALUE 1 MAXVALUE 2147483647 CACHE 1 ),
    "Name" text COLLATE pg_catalog."default",
    "Price" real NOT NULL,
    CONSTRAINT "PK_Vaccines" PRIMARY KEY ("Serial")
)

TABLESPACE pg_default;

ALTER TABLE IF EXISTS public."Vaccines"
    OWNER to postgres;
	
-- Table: public.Organizations

-- DROP TABLE IF EXISTS public."Organizations";

CREATE TABLE IF NOT EXISTS public."Organizations"
(
    "Tin" text COLLATE pg_catalog."default" NOT NULL,
    "Trc" text COLLATE pg_catalog."default" NOT NULL,
    "Name" text COLLATE pg_catalog."default",
    "Type" text COLLATE pg_catalog."default",
    "Feature" text COLLATE pg_catalog."default",
    "LocalityId" integer,
    CONSTRAINT "PK_Organizations" PRIMARY KEY ("Tin"),
    CONSTRAINT "FK_Organizations_Localities_LocalityId" FOREIGN KEY ("LocalityId")
        REFERENCES public."Localities" ("Id") MATCH SIMPLE
        ON UPDATE NO ACTION
        ON DELETE NO ACTION
)

TABLESPACE pg_default;

ALTER TABLE IF EXISTS public."Organizations"
    OWNER to postgres;
-- Index: IX_Organizations_LocalityId

-- DROP INDEX IF EXISTS public."IX_Organizations_LocalityId";

CREATE INDEX IF NOT EXISTS "IX_Organizations_LocalityId"
    ON public."Organizations" USING btree
    ("LocalityId" ASC NULLS LAST)
    TABLESPACE pg_default;

-- Table: public.Contracts

-- DROP TABLE IF EXISTS public."Contracts";

CREATE TABLE IF NOT EXISTS public."Contracts"
(
    "Id" integer NOT NULL GENERATED BY DEFAULT AS IDENTITY ( INCREMENT 1 START 1 MINVALUE 1 MAXVALUE 2147483647 CACHE 1 ),
    "Number" integer NOT NULL,
    "ConclusionDate" timestamp with time zone NOT NULL,
    "EndDate" timestamp with time zone NOT NULL,
    "ExecutorTin" text COLLATE pg_catalog."default" NOT NULL,
    "CustomerTin" text COLLATE pg_catalog."default" NOT NULL,
    CONSTRAINT "PK_Contracts" PRIMARY KEY ("Id"),
    CONSTRAINT "FK_Contracts_Organizations_CustomerTin" FOREIGN KEY ("CustomerTin")
        REFERENCES public."Organizations" ("Tin") MATCH SIMPLE
        ON UPDATE NO ACTION
        ON DELETE CASCADE,
    CONSTRAINT "FK_Contracts_Organizations_ExecutorTin" FOREIGN KEY ("ExecutorTin")
        REFERENCES public."Organizations" ("Tin") MATCH SIMPLE
        ON UPDATE NO ACTION
        ON DELETE CASCADE
)

TABLESPACE pg_default;

ALTER TABLE IF EXISTS public."Contracts"
    OWNER to postgres;
-- Index: IX_Contracts_CustomerTin

-- DROP INDEX IF EXISTS public."IX_Contracts_CustomerTin";

CREATE INDEX IF NOT EXISTS "IX_Contracts_CustomerTin"
    ON public."Contracts" USING btree
    ("CustomerTin" COLLATE pg_catalog."default" ASC NULLS LAST)
    TABLESPACE pg_default;
-- Index: IX_Contracts_ExecutorTin

-- DROP INDEX IF EXISTS public."IX_Contracts_ExecutorTin";

CREATE INDEX IF NOT EXISTS "IX_Contracts_ExecutorTin"
    ON public."Contracts" USING btree
    ("ExecutorTin" COLLATE pg_catalog."default" ASC NULLS LAST)
    TABLESPACE pg_default;
	
-- Table: public.Vaccinations

-- DROP TABLE IF EXISTS public."Vaccinations";

CREATE TABLE IF NOT EXISTS public."Vaccinations"
(
    "Id" integer NOT NULL GENERATED BY DEFAULT AS IDENTITY ( INCREMENT 1 START 1 MINVALUE 1 MAXVALUE 2147483647 CACHE 1 ),
    "Date" timestamp with time zone NOT NULL,
    "ExpirationDate" timestamp with time zone NOT NULL,
    "AnimalRegNumber" integer NOT NULL,
    "UserId" integer NOT NULL,
    "VaccineSerial" integer NOT NULL,
    "ContractId" integer NOT NULL,
    CONSTRAINT "PK_Vaccinations" PRIMARY KEY ("Id"),
    CONSTRAINT "FK_Vaccinations_Animals_AnimalRegNumber" FOREIGN KEY ("AnimalRegNumber")
        REFERENCES public."Animals" ("RegNumber") MATCH SIMPLE
        ON UPDATE NO ACTION
        ON DELETE CASCADE,
    CONSTRAINT "FK_Vaccinations_Contracts_ContractId" FOREIGN KEY ("ContractId")
        REFERENCES public."Contracts" ("Id") MATCH SIMPLE
        ON UPDATE NO ACTION
        ON DELETE CASCADE,
    CONSTRAINT "FK_Vaccinations_Users_UserId" FOREIGN KEY ("UserId")
        REFERENCES public."Users" ("Id") MATCH SIMPLE
        ON UPDATE NO ACTION
        ON DELETE CASCADE,
    CONSTRAINT "FK_Vaccinations_Vaccines_VaccineSerial" FOREIGN KEY ("VaccineSerial")
        REFERENCES public."Vaccines" ("Serial") MATCH SIMPLE
        ON UPDATE NO ACTION
        ON DELETE CASCADE
)

TABLESPACE pg_default;

ALTER TABLE IF EXISTS public."Vaccinations"
    OWNER to postgres;
-- Index: IX_Vaccinations_AnimalRegNumber

-- DROP INDEX IF EXISTS public."IX_Vaccinations_AnimalRegNumber";

CREATE INDEX IF NOT EXISTS "IX_Vaccinations_AnimalRegNumber"
    ON public."Vaccinations" USING btree
    ("AnimalRegNumber" ASC NULLS LAST)
    TABLESPACE pg_default;
-- Index: IX_Vaccinations_ContractId

-- DROP INDEX IF EXISTS public."IX_Vaccinations_ContractId";

CREATE INDEX IF NOT EXISTS "IX_Vaccinations_ContractId"
    ON public."Vaccinations" USING btree
    ("ContractId" ASC NULLS LAST)
    TABLESPACE pg_default;
-- Index: IX_Vaccinations_UserId

-- DROP INDEX IF EXISTS public."IX_Vaccinations_UserId";

CREATE INDEX IF NOT EXISTS "IX_Vaccinations_UserId"
    ON public."Vaccinations" USING btree
    ("UserId" ASC NULLS LAST)
    TABLESPACE pg_default;
-- Index: IX_Vaccinations_VaccineSerial

-- DROP INDEX IF EXISTS public."IX_Vaccinations_VaccineSerial";

CREATE INDEX IF NOT EXISTS "IX_Vaccinations_VaccineSerial"
    ON public."Vaccinations" USING btree
    ("VaccineSerial" ASC NULLS LAST)
    TABLESPACE pg_default;
	
-- Table: public.Inspections

-- DROP TABLE IF EXISTS public."Inspections";

CREATE TABLE IF NOT EXISTS public."Inspections"
(
    "Id" integer NOT NULL GENERATED BY DEFAULT AS IDENTITY ( INCREMENT 1 START 1 MINVALUE 1 MAXVALUE 2147483647 CACHE 1 ),
    "FeatureBehaviour" text COLLATE pg_catalog."default",
    "AnimalCondition" text COLLATE pg_catalog."default",
    "Temperature" real NOT NULL,
    "SkinCover" text COLLATE pg_catalog."default",
    "FurCondition" text COLLATE pg_catalog."default",
    "Injures" text COLLATE pg_catalog."default",
    "IsNeedOperations" boolean NOT NULL,
    "Manipulations" text COLLATE pg_catalog."default",
    "Treatment" text COLLATE pg_catalog."default",
    "Date" timestamp with time zone NOT NULL,
    "UserId" integer NOT NULL,
    "InspectedAnimalRegNumber" integer NOT NULL,
    "ContractId" integer NOT NULL,
    "DiseaseNumber" integer,
    CONSTRAINT "PK_Inspections" PRIMARY KEY ("Id"),
    CONSTRAINT "FK_Inspections_Animals_InspectedAnimalRegNumber" FOREIGN KEY ("InspectedAnimalRegNumber")
        REFERENCES public."Animals" ("RegNumber") MATCH SIMPLE
        ON UPDATE NO ACTION
        ON DELETE CASCADE,
    CONSTRAINT "FK_Inspections_Contracts_ContractId" FOREIGN KEY ("ContractId")
        REFERENCES public."Contracts" ("Id") MATCH SIMPLE
        ON UPDATE NO ACTION
        ON DELETE CASCADE,
    CONSTRAINT "FK_Inspections_Diseases_DiseaseNumber" FOREIGN KEY ("DiseaseNumber")
        REFERENCES public."Diseases" ("Number") MATCH SIMPLE
        ON UPDATE NO ACTION
        ON DELETE NO ACTION,
    CONSTRAINT "FK_Inspections_Users_UserId" FOREIGN KEY ("UserId")
        REFERENCES public."Users" ("Id") MATCH SIMPLE
        ON UPDATE NO ACTION
        ON DELETE CASCADE
)

TABLESPACE pg_default;

ALTER TABLE IF EXISTS public."Inspections"
    OWNER to postgres;
-- Index: IX_Inspections_ContractId

-- DROP INDEX IF EXISTS public."IX_Inspections_ContractId";

CREATE INDEX IF NOT EXISTS "IX_Inspections_ContractId"
    ON public."Inspections" USING btree
    ("ContractId" ASC NULLS LAST)
    TABLESPACE pg_default;
-- Index: IX_Inspections_DiseaseNumber

-- DROP INDEX IF EXISTS public."IX_Inspections_DiseaseNumber";

CREATE INDEX IF NOT EXISTS "IX_Inspections_DiseaseNumber"
    ON public."Inspections" USING btree
    ("DiseaseNumber" ASC NULLS LAST)
    TABLESPACE pg_default;
-- Index: IX_Inspections_InspectedAnimalRegNumber

-- DROP INDEX IF EXISTS public."IX_Inspections_InspectedAnimalRegNumber";

CREATE INDEX IF NOT EXISTS "IX_Inspections_InspectedAnimalRegNumber"
    ON public."Inspections" USING btree
    ("InspectedAnimalRegNumber" ASC NULLS LAST)
    TABLESPACE pg_default;
-- Index: IX_Inspections_UserId

-- DROP INDEX IF EXISTS public."IX_Inspections_UserId";

CREATE INDEX IF NOT EXISTS "IX_Inspections_UserId"
    ON public."Inspections" USING btree
    ("UserId" ASC NULLS LAST)
    TABLESPACE pg_default;
	
-- Table: public.Roles

-- DROP TABLE IF EXISTS public."Roles";

CREATE TABLE IF NOT EXISTS public."Roles"
(
    "Id" integer NOT NULL GENERATED BY DEFAULT AS IDENTITY ( INCREMENT 1 START 1 MINVALUE 1 MAXVALUE 2147483647 CACHE 1 ),
    "OrganizationTin" text COLLATE pg_catalog."default" NOT NULL,
    "UserId" integer NOT NULL,
    CONSTRAINT "PK_Roles" PRIMARY KEY ("Id"),
    CONSTRAINT "FK_Roles_Organizations_OrganizationTin" FOREIGN KEY ("OrganizationTin")
        REFERENCES public."Organizations" ("Tin") MATCH SIMPLE
        ON UPDATE NO ACTION
        ON DELETE CASCADE,
    CONSTRAINT "FK_Roles_Users_UserId" FOREIGN KEY ("UserId")
        REFERENCES public."Users" ("Id") MATCH SIMPLE
        ON UPDATE NO ACTION
        ON DELETE CASCADE
)

TABLESPACE pg_default;

ALTER TABLE IF EXISTS public."Roles"
    OWNER to postgres;
-- Index: IX_Roles_OrganizationTin

-- DROP INDEX IF EXISTS public."IX_Roles_OrganizationTin";

CREATE INDEX IF NOT EXISTS "IX_Roles_OrganizationTin"
    ON public."Roles" USING btree
    ("OrganizationTin" COLLATE pg_catalog."default" ASC NULLS LAST)
    TABLESPACE pg_default;
-- Index: IX_Roles_UserId

-- DROP INDEX IF EXISTS public."IX_Roles_UserId";

CREATE INDEX IF NOT EXISTS "IX_Roles_UserId"
    ON public."Roles" USING btree
    ("UserId" ASC NULLS LAST)
    TABLESPACE pg_default;
	
-- Table: public.PricePairs

-- DROP TABLE IF EXISTS public."PricePairs";

CREATE TABLE IF NOT EXISTS public."PricePairs"
(
    "Id" integer NOT NULL GENERATED BY DEFAULT AS IDENTITY ( INCREMENT 1 START 1 MINVALUE 1 MAXVALUE 2147483647 CACHE 1 ),
    "LocalityId" integer NOT NULL,
    "ContractId" integer NOT NULL,
    "Price" real NOT NULL,
    CONSTRAINT "PK_PricePairs" PRIMARY KEY ("Id"),
    CONSTRAINT "FK_PricePairs_Contracts_ContractId" FOREIGN KEY ("ContractId")
        REFERENCES public."Contracts" ("Id") MATCH SIMPLE
        ON UPDATE NO ACTION
        ON DELETE CASCADE,
    CONSTRAINT "FK_PricePairs_Localities_LocalityId" FOREIGN KEY ("LocalityId")
        REFERENCES public."Localities" ("Id") MATCH SIMPLE
        ON UPDATE NO ACTION
        ON DELETE CASCADE
)

TABLESPACE pg_default;

ALTER TABLE IF EXISTS public."PricePairs"
    OWNER to postgres;
-- Index: IX_PricePairs_ContractId

-- DROP INDEX IF EXISTS public."IX_PricePairs_ContractId";

CREATE INDEX IF NOT EXISTS "IX_PricePairs_ContractId"
    ON public."PricePairs" USING btree
    ("ContractId" ASC NULLS LAST)
    TABLESPACE pg_default;
-- Index: IX_PricePairs_LocalityId

-- DROP INDEX IF EXISTS public."IX_PricePairs_LocalityId";

CREATE INDEX IF NOT EXISTS "IX_PricePairs_LocalityId"
    ON public."PricePairs" USING btree
    ("LocalityId" ASC NULLS LAST)
    TABLESPACE pg_default;


    -- Table: public.Reports

-- DROP TABLE IF EXISTS public."Reports";

CREATE TABLE IF NOT EXISTS public."Reports"
(
    "Id" integer NOT NULL GENERATED BY DEFAULT AS IDENTITY ( INCREMENT 1 START 1 MINVALUE 1 MAXVALUE 2147483647 CACHE 1 ),
    "State" integer NOT NULL,
    "User" text COLLATE pg_catalog."default" NOT NULL,
    "CreateDate" timestamp with time zone NOT NULL,
    "Type" text COLLATE pg_catalog."default" NOT NULL,
    CONSTRAINT "PK_Reports" PRIMARY KEY ("Id")
)

TABLESPACE pg_default;

ALTER TABLE IF EXISTS public."Reports"
    OWNER to postgres;
-- Table: public.ReportValues

-- DROP TABLE IF EXISTS public."ReportValues";

CREATE TABLE IF NOT EXISTS public."ReportValues"
(
    "Id" integer NOT NULL GENERATED BY DEFAULT AS IDENTITY ( INCREMENT 1 START 1 MINVALUE 1 MAXVALUE 2147483647 CACHE 1 ),
    "FirstFeature" text COLLATE pg_catalog."default" NOT NULL,
    "SecondFeature" text COLLATE pg_catalog."default" NOT NULL,
    "Count" integer NOT NULL,
    "ReportId" integer,
    CONSTRAINT "PK_ReportValues" PRIMARY KEY ("Id"),
    CONSTRAINT "FK_ReportValues_Reports_ReportId" FOREIGN KEY ("ReportId")
        REFERENCES public."Reports" ("Id") MATCH SIMPLE
        ON UPDATE NO ACTION
        ON DELETE CASCADE
)

TABLESPACE pg_default;

ALTER TABLE IF EXISTS public."ReportValues"
    OWNER to postgres;
-- Index: IX_ReportValues_ReportId

-- DROP INDEX IF EXISTS public."IX_ReportValues_ReportId";

CREATE INDEX IF NOT EXISTS "IX_ReportValues_ReportId"
    ON public."ReportValues" USING btree
    ("ReportId" ASC NULLS LAST)
    TABLESPACE pg_default;






INSERT INTO "Animals" ("RegNumber", "Name", "OwnerFeatures", "BirthDate", "BehaviourFeatures", "Sex", "Type", "ChipNumber") VALUES
                                                                                                                                (1, 'Кошка 1', 'sdsdsds', '01-02-2002', 'sdf', 'М', 'Собака', 123),
                                                                                                                                (2, 'Собака 1', 'sdsdsds', '01-02-2002', 'sdf', 'Ж', 'Енот', 1234),
                                                                                                                                (3, 'Собака 2', 'sdsdsds', '01-02-2002', 'sdf', 'М', 'Кошка', 228),
                                                                                                                                (4, 'Кошка 2', 'sdsdsds', '01-02-2002', 'sdf', 'М', 'Гусь', 322),
                                                                                                                                (5, 'Кошка 3', 'sdsdsds', '01-02-2002', 'sdf', 'М', 'Собака', 1488);

INSERT INTO "Localities"("Id", "Name") VALUES
                                           (1, 'Тюмень'),
                                           (2, 'Москва'),
                                           (3, 'Волгоград');

INSERT INTO "Organizations"("Tin", "Trc", "Name", "Type", "Feature", "LocalityId") VALUES
                                                                                       (1, 1, 'Лучший друг', 'Ветклиника', 'Ветклиника', 1),
                                                                                       (2, 1, 'Семечка', 'Ветклиника', 'Ветклиника', 2),
                                                                                       (3, 1, 'ZOOМИР', 'Ветклиника', 'Ветклиника', 3);

INSERT INTO "Contracts"("Id", "Number", "ConclusionDate", "EndDate", "ExecutorTin", "CustomerTin") VALUES
                                                                                                       (1, 1, '01-02-2002', '01-03-2002', 1, 2),
                                                                                                       (2, 2, '01-02-2002', '01-03-2002', 3, 1),
                                                                                                       (3, 3, '01-02-2002', '01-03-2002', 1, 2);

INSERT INTO "Users"("Id", "Name", "Login", "Password") VALUES
                                                           (1, 'Вова', 'admin', 'admin1'),
                                                           (2, 'Пиво', 'admin', 'admin1'),
                                                           (3, 'Юзер', '123', '123'),
                                                           (4, 'Имя', 'asd', 'asd'),
                                                           (5, 'Фамилия', 'asd', 'asd');

INSERT INTO "Roles"("Id", "OrganizationTin", "UserId") VALUES
                                                           (1, 1, 1),
                                                           (2, 2, 2),
                                                           (3, 3, 3),
                                                           (4, 1, 2),
                                                           (5, 2, 1);

INSERT INTO "Vaccines"("Serial", "Name", "Price") VALUES
    (1, 'Бешенство', 500);

INSERT INTO "Vaccinations"("Id", "Date", "ExpirationDate", "AnimalRegNumber", "UserId", "VaccineSerial", "ContractId") VALUES
                                                                                                                           (1, '01-02-2012', '01-03-2012', 1, 3, 1, 1),
                                                                                                                           (2, '01-02-2012', '01-03-2012', 2, 3, 1, 1),
                                                                                                                           (3, '01-02-2012', '01-03-2012', 3, 3, 1, 1),
                                                                                                                           (4, '01-02-2012', '01-03-2012', 3, 3, 1, 1),
                                                                                                                           (5, '01-02-2012', '01-03-2012', 1, 3, 1, 1),
                                                                                                                           (6, '01-02-2012', '01-03-2012', 2, 3, 1, 1);

INSERT INTO "Diseases"("Number", "Name") VALUES
    (1, 'Бешенство');

INSERT INTO "Inspections"("Id", "FeatureBehaviour", "AnimalCondition", "Temperature", "SkinCover", "FurCondition", "Injures", "IsNeedOperations",
                          "Manipulations", "Treatment", "Date", "UserId", "InspectedAnimalRegNumber", "ContractId", "DiseaseNumber") VALUES
                                                                                                                                         (1, 'авпва', 'ываыа', 1293, 'ывываыв', 'ываываа', 'ываываыва', '1', 'sdfs', 'sdfsdf', '01-03-2012', 1, 1, 1, 1),
                                                                                                                                         (2, 'авпва', 'ываыа', 1293, 'ывываыв', 'ываываа', 'ываываыва', '1', 'sdfs', 'sdfsdf', '01-03-2012', 1, 1, 1, 1),
                                                                                                                                         (3, 'авпва', 'ываыа', 1293, 'ывываыв', 'ываываа', 'ываываыва', '1', 'sdfs', 'sdfsdf', '01-03-2012', 1, 1, 2, 1),
                                                                                                                                         (4, 'авпва', 'ываыа', 1293, 'ывываыв', 'ываываа', 'ываываыва', '1', 'sdfs', 'sdfsdf', '01-03-2012', 1, 1, 2, 1),
                                                                                                                                         (5, 'авпва', 'ываыа', 1293, 'ывываыв', 'ываываа', 'ываываыва', '1', 'sdfs', 'sdfsdf', '01-03-2012', 1, 1, 3, 1);
